job_category,keyword
Marketing / Brand / Growth,行銷
Marketing / Brand / Growth,品牌
Marketing / Brand / Growth,廣告
Marketing / Brand / Growth,數位
Marketing / Brand / Growth,整合
Marketing / Brand / Growth,Marketing
Marketing / Brand / Growth,Brand
Marketing / Brand / Growth,Digital
Market Research / Consumer Insight,市場
Market Research / Consumer Insight,市調
Market Research / Consumer Insight,消費者
Market Research / Consumer Insight,顧客
Market Research / Consumer Insight,Consumer
Market Research / Consumer Insight,Market Research
Market Research / Consumer Insight,Market Analyst
Sales / Business Development,業務
Sales / Business Development,商務開發
Sales / Business Development,通路開發
Sales / Business Development,Sales
Sales / Business Development,Business Development
Product Management,產品經理
Product Management,PM
Product Management,Product Manager
Product Management,Product Analyst
Product Management,Product Operations
Strategy & Consulting,管理顧問
Strategy & Consulting,策略顧問
Strategy & Consulting,商業顧問
Strategy & Consulting,數位轉型
Strategy & Consulting,Consulting
Strategy & Consulting,策略
Strategy & Consulting,策略分析
Strategy & Consulting,Strategy
Finance / Corporate Finance / FP&A,財務分析
Finance / Corporate Finance / FP&A,財務規劃
Finance / Corporate Finance / FP&A,預算
Finance / Corporate Finance / FP&A,成本分析
Finance / Corporate Finance / FP&A,FP&A
Finance / Corporate Finance / FP&A,策略財務
Finance / Corporate Finance / FP&A,Corporate Finance
Finance / Corporate Finance / FP&A,Strategic Finance
Investment / Capital Markets,投資研究
Investment / Capital Markets,投資分析
Investment / Capital Markets,資本市場
Investment / Capital Markets,資產管理
Investment / Capital Markets,IBD
Investment / Capital Markets,M&A
Investment / Capital Markets,投資研究員
Investment / Capital Markets,Investment
Investment / Capital Markets,Financial Analyst
Investment / Capital Markets,Equity Research
Banking / Credit / Wealth,理財
Banking / Credit / Wealth,財富管理
Banking / Credit / Wealth,授信
Banking / Credit / Wealth,信用分析
Banking / Credit / Wealth,客戶關係
Banking / Credit / Wealth,金融
Banking / Credit / Wealth,Banking
Banking / Credit / Wealth,Credit Analyst
Banking / Credit / Wealth,RM
Accounting / Audit / Tax,會計
Accounting / Audit / Tax,審計
Accounting / Audit / Tax,稽核
Accounting / Audit / Tax,稅務
Accounting / Audit / Tax,財務會計
Accounting / Audit / Tax,Accounting
Accounting / Audit / Tax,Audit
Accounting / Audit / Tax,Tax
Accounting / Audit / Tax,Auditor
Accounting / Audit / Tax,Accountant
Risk / Insurance / Actuarial,風險管理
Risk / Insurance / Actuarial,風控
Risk / Insurance / Actuarial,核保
Risk / Insurance / Actuarial,理賠
Risk / Insurance / Actuarial,保險
Risk / Insurance / Actuarial,精算
Risk / Insurance / Actuarial,Risk
Risk / Insurance / Actuarial,Actuarial
Operations / Supply Chain / Procurement,營運
Operations / Supply Chain / Procurement,供應鏈
Operations / Supply Chain / Procurement,物流
Operations / Supply Chain / Procurement,採購
Operations / Supply Chain / Procurement,Operations
Operations / Supply Chain / Procurement,Supply Chain
Operations / Supply Chain / Procurement,Procurement
Operations / Supply Chain / Procurement,Logistics
Operations / Supply Chain / Procurement,Inventory
Analytics / Data / BI,資料分析
Analytics / Data / BI,商業分析
Analytics / Data / BI,BI
Analytics / Data / BI,數據分析
Analytics / Data / BI,營運分析
Analytics / Data / BI,產品分析
Analytics / Data / BI,商業智慧
Analytics / Data / BI,Data Analyst
Analytics / Data / BI,Business Intelligence
Analytics / Data / BI,Business Analyst
Data Science / ML,資料科學
Data Science / ML,機器學習
Data Science / ML,深度學習
Data Science / ML,統計分析
Data Science / ML,量化分析
Data Science / ML,Data Scientist
Data Science / ML,Machine Learning
Data Science / ML,Predictive Analytics
Data Engineering / Analytics Engineering,資料工程
Data Engineering / Analytics Engineering,ETL
Data Engineering / Analytics Engineering,資料倉儲
Data Engineering / Analytics Engineering,BI工程
Data Engineering / Analytics Engineering,大數據工程
Data Engineering / Analytics Engineering,Algorithm
Data Engineering / Analytics Engineering,Data Engineer
Data Engineering / Analytics Engineering,Data Warehouse
Data Engineering / Analytics Engineering,BI Engineer
Information Systems / Tech-Business Hybrid,系統分析
Information Systems / Tech-Business Hybrid,資訊系統
Information Systems / Tech-Business Hybrid,資訊管理
Information Systems / Tech-Business Hybrid,商業系統
Information Systems / Tech-Business Hybrid,ERP
Information Systems / Tech-Business Hybrid,CRM
Information Systems / Tech-Business Hybrid,MIS
Information Systems / Tech-Business Hybrid,Systems Analyst
Human Resources / Talent,人資
Human Resources / Talent,人力資源
Human Resources / Talent,招募
Human Resources / Talent,HRBP
Human Resources / Talent,人事
Human Resources / Talent,獵頭顧問
Human Resources / Talent,HR
Human Resources / Talent,Talent Acquisition
Human Resources / Talent,Recruiter
Human Resources / Talent,Headhunter
General Management / Leadership Programs,儲備幹部
General Management / Leadership Programs,輪調計畫
General Management / Leadership Programs,經營管理
General Management / Leadership Programs,管理人才
General Management / Leadership Programs,策略規劃
General Management / Leadership Programs,Graduate Trainee
General Management / Leadership Programs,Management Trainee
General Management / Leadership Programs,Leadership
General Management / Leadership Programs,Management Program
Entrepreneurship / Venture,新創
Entrepreneurship / Venture,創投
Entrepreneurship / Venture,VC
Entrepreneurship / Venture,孵化
Entrepreneurship / Venture,Venture
Entrepreneurship / Venture,Startup
