role_normalized,alias,lang,notes
Marketing Specialist,Marketing Specialist,en,
Marketing Specialist,marketing specialist,en,
Marketing Specialist,marketing exec,en,
Marketing Specialist,marketing executive,en,
Marketing Specialist,marketing coordinator,en,
Marketing Specialist,marketing officer,en,
Marketing Specialist,行銷專員,zh,
Marketing Specialist,行銷企劃,zh,
Marketing Specialist,行銷管理師,zh,
Marketing Specialist,行銷執行,zh,
Marketing Specialist,Marketing專員,mixed,
Marketing Associate,Marketing Associate,en,
Marketing Associate,marketing associate,en,
Marketing Associate,marketing assistant,en,
Marketing Associate,junior marketing specialist,en,
Marketing Associate,marketing coordinator,en,
Marketing Associate,行銷助理,zh,
Marketing Associate,初階行銷專員,zh,
Marketing Associate,行銷企劃助理,zh,
Marketing Associate,行銷專員,zh,
Brand Specialist,Brand Specialist,en,
Brand Specialist,brand specialist,en,
Brand Specialist,brand marketing specialist,en,
Brand Specialist,brand executive,en,
Brand Specialist,brand coordinator,en,
Brand Specialist,品牌專員,zh,
Brand Specialist,品牌行銷專員,zh,
Brand Specialist,品牌企劃,zh,
Brand Specialist,品牌管理師,zh,
Brand Manager,Brand Manager,en,
Brand Manager,brand manager,en,
Brand Manager,brand lead,en,
Brand Manager,brand marketing manager,en,
Brand Manager,brand management manager,en,
Brand Manager,品牌經理,zh,
Brand Manager,品牌行銷經理,zh,
Brand Manager,品牌主管,zh,
Brand Manager,品牌管理,zh,
Campaign Specialist,Campaign Specialist,en,
Campaign Specialist,campaign specialist,en,
Campaign Specialist,campaign executive,en,
Campaign Specialist,campaign marketing specialist,en,
Campaign Specialist,marketing campaign specialist,en,
Campaign Specialist,活動行銷專員,zh,
Campaign Specialist,Campaign專員,mixed,
Campaign Specialist,行銷活動企劃,zh,
Campaign Specialist,專案行銷專員,zh,
Integrated Marketing Specialist,Integrated Marketing Specialist,en,
Integrated Marketing Specialist,integrated marketing specialist,en,
Integrated Marketing Specialist,imc specialist,en,
Integrated Marketing Specialist,integrated marketing communications specialist,en,
Integrated Marketing Specialist,integrated marketing executive,en,
Integrated Marketing Specialist,整合行銷專員,zh,
Integrated Marketing Specialist,整合行銷企劃,zh,
Integrated Marketing Specialist,IMC專員,mixed,
Integrated Marketing Specialist,整合行銷管理師,zh,
Digital Marketing Specialist,Digital Marketing Specialist,en,
Digital Marketing Specialist,digital marketing specialist,en,
Digital Marketing Specialist,digital marketer,en,
Digital Marketing Specialist,digital marketing executive,en,
Digital Marketing Specialist,online marketing specialist,en,
Digital Marketing Specialist,數位行銷專員,zh,
Digital Marketing Specialist,數位行銷企劃,zh,
Digital Marketing Specialist,線上行銷專員,zh,
Digital Marketing Specialist,Digital Marketing專員,mixed,
Growth Marketing Analyst,Growth Marketing Analyst,en,
Growth Marketing Analyst,growth marketing analyst,en,
Growth Marketing Analyst,growth analyst,en,
Growth Marketing Analyst,user growth analyst,en,
Growth Marketing Analyst,growth marketing analytics,en,
Growth Marketing Analyst,成長行銷分析師,zh,
Growth Marketing Analyst,增長行銷分析師,zh,
Growth Marketing Analyst,Growth Marketing分析師,mixed,
Growth Marketing Analyst,用戶成長分析師,zh,
Performance Marketing Analyst,Performance Marketing Analyst,en,
Performance Marketing Analyst,performance marketing analyst,en,
Performance Marketing Analyst,performance analyst,en,
Performance Marketing Analyst,paid marketing analyst,en,
Performance Marketing Analyst,ads analyst,en,
Performance Marketing Analyst,成效行銷分析師,zh,
Performance Marketing Analyst,績效行銷分析師,zh,
Performance Marketing Analyst,廣告投放分析師,zh,
Performance Marketing Analyst,Performance Marketing分析師,mixed,
Paid Media Specialist,Paid Media Specialist,en,
Paid Media Specialist,paid media specialist,en,
Paid Media Specialist,media buyer,en,
Paid Media Specialist,paid media buyer,en,
Paid Media Specialist,ad ops specialist,en,
Paid Media Specialist,廣告投放專員,zh,
Paid Media Specialist,媒體投放專員,zh,
Paid Media Specialist,付費媒體專員,zh,
Paid Media Specialist,Paid Media專員,mixed,
SEO Specialist,SEO Specialist,en,
SEO Specialist,seo specialist,en,
SEO Specialist,seo analyst,en,
SEO Specialist,seo executive,en,
SEO Specialist,search engine optimization specialist,en,
SEO Specialist,SEO專員,mixed,
SEO Specialist,搜尋引擎優化專員,zh,
SEO Specialist,SEO優化師,mixed,
SEO Specialist,SEO行銷專員,mixed,
SEM Specialist,SEM Specialist,en,
SEM Specialist,sem specialist,en,
SEM Specialist,sem analyst,en,
SEM Specialist,search engine marketing specialist,en,
SEM Specialist,paid search specialist,en,
SEM Specialist,SEM專員,mixed,
SEM Specialist,搜尋引擎行銷專員,zh,
SEM Specialist,關鍵字廣告專員,zh,
SEM Specialist,搜尋廣告投放專員,zh,
SEO/SEM Specialist,SEO/SEM Specialist,en,
SEO/SEM Specialist,seo/sem specialist,en,
SEO/SEM Specialist,seo sem specialist,en,
SEO/SEM Specialist,search marketing specialist,en,
SEO/SEM Specialist,搜尋行銷專員,zh,
SEO/SEM Specialist,SEO/SEM專員,mixed,
SEO/SEM Specialist,搜尋引擎行銷專員,zh,
CRM Specialist,CRM Specialist,en,
CRM Specialist,crm specialist,en,
CRM Specialist,crm executive,en,
CRM Specialist,crm coordinator,en,
CRM Specialist,customer relationship management specialist,en,
CRM Specialist,CRM專員,mixed,
CRM Specialist,顧客關係管理專員,zh,
CRM Specialist,會員經營專員,zh,
CRM Specialist,CRM管理師,mixed,
CRM Marketing Specialist,CRM Marketing Specialist,en,
CRM Marketing Specialist,crm marketing specialist,en,
CRM Marketing Specialist,crm marketer,en,
CRM Marketing Specialist,member marketing specialist,en,
CRM Marketing Specialist,customer engagement marketing specialist,en,
CRM Marketing Specialist,CRM行銷專員,mixed,
CRM Marketing Specialist,會員行銷專員,zh,
CRM Marketing Specialist,顧客經營行銷專員,zh,
Content Marketing Specialist,Content Marketing Specialist,en,
Content Marketing Specialist,content marketing specialist,en,
Content Marketing Specialist,content marketer,en,
Content Marketing Specialist,content strategist,en,
Content Marketing Specialist,content specialist,en,
Content Marketing Specialist,內容行銷專員,zh,
Content Marketing Specialist,內容企劃,zh,
Content Marketing Specialist,內容行銷企劃,zh,
Content Marketing Specialist,Content Marketing專員,mixed,
Lifecycle Marketing Specialist,Lifecycle Marketing Specialist,en,
Lifecycle Marketing Specialist,lifecycle marketing specialist,en,
Lifecycle Marketing Specialist,lifecycle marketer,en,
Lifecycle Marketing Specialist,customer lifecycle marketing specialist,en,
Lifecycle Marketing Specialist,user lifecycle marketing,en,
Lifecycle Marketing Specialist,生命週期行銷專員,zh,
Lifecycle Marketing Specialist,用戶生命週期行銷,zh,
Lifecycle Marketing Specialist,會員生命週期行銷,zh,
Retention Marketing Specialist,Retention Marketing Specialist,en,
Retention Marketing Specialist,retention marketing specialist,en,
Retention Marketing Specialist,retention marketer,en,
Retention Marketing Specialist,user retention specialist,en,
Retention Marketing Specialist,customer retention marketing specialist,en,
Retention Marketing Specialist,留存行銷專員,zh,
Retention Marketing Specialist,用戶留存行銷,zh,
Retention Marketing Specialist,會員留存行銷,zh,
Retention Marketing Specialist,Retention專員,mixed,
Product Marketing Specialist,Product Marketing Specialist,en,
Product Marketing Specialist,product marketing specialist,en,
Product Marketing Specialist,pmm specialist,en,
Product Marketing Specialist,product marketing associate,en,
Product Marketing Specialist,產品行銷專員,zh,
Product Marketing Specialist,Product Marketing專員,mixed,
Product Marketing Specialist,PMM專員,mixed,PMM = Product Marketing Manager/Specialist，需搭配職級判斷
Product Marketing Manager,Product Marketing Manager,en,
Product Marketing Manager,product marketing manager,en,
Product Marketing Manager,pmm,en,常用縮寫；可能不含職級
Product Marketing Manager,pmm manager,en,
Product Marketing Manager,product marketing lead,en,
Product Marketing Manager,產品行銷經理,zh,
Product Marketing Manager,PMM,en,常用縮寫；可能不含職級
Solutions Marketing Manager,Solutions Marketing Manager,en,
Solutions Marketing Manager,solutions marketing manager,en,
Solutions Marketing Manager,solution marketing manager,en,
Solutions Marketing Manager,solution marketing lead,en,
Solutions Marketing Manager,解決方案行銷經理,zh,
Solutions Marketing Manager,Solution Marketing經理,mixed,
Solutions Marketing Manager,方案行銷經理,zh,
GTM Strategy Analyst,GTM Strategy Analyst,en,
GTM Strategy Analyst,gtm strategy analyst,en,
GTM Strategy Analyst,go to market strategy analyst,en,
GTM Strategy Analyst,gtm analyst,en,
GTM Strategy Analyst,上市策略分析師,zh,
GTM Strategy Analyst,GTM策略分析師,mixed,
GTM Strategy Analyst,Go-to-Market分析師,mixed,
Go-to-Market Analyst,Go-to-Market Analyst,en,
Go-to-Market Analyst,go-to-market analyst,en,
Go-to-Market Analyst,go to market analyst,en,
Go-to-Market Analyst,gtm analyst,en,
Go-to-Market Analyst,上市分析師,zh,
Go-to-Market Analyst,GTM分析師,mixed,
Go-to-Market Analyst,市場進入分析師,zh,
Go-to-Market Specialist,Go-to-Market Specialist,en,
Go-to-Market Specialist,go-to-market specialist,en,
Go-to-Market Specialist,go to market specialist,en,
Go-to-Market Specialist,gtm specialist,en,
Go-to-Market Specialist,上市策略專員,zh,
Go-to-Market Specialist,GTM專員,mixed,
Go-to-Market Specialist,Go-to-Market專員,mixed,
GTM Manager,GTM Manager,en,
GTM Manager,gtm manager,en,
GTM Manager,go to market manager,en,
GTM Manager,gtm lead,en,
GTM Manager,上市策略經理,zh,
GTM Manager,GTM經理,mixed,
GTM Manager,Go-to-Market經理,mixed,
Growth Associate,Growth Associate,en,
Growth Associate,growth associate,en,
Growth Associate,growth specialist,en,
Growth Associate,growth ops associate,en,
Growth Associate,成長專員,zh,
Growth Associate,增長專員,zh,
Market Research Analyst,Market Research Analyst,en,
Market Research Analyst,market research analyst,en,
Market Research Analyst,market analyst,en,
Market Research Analyst,market intelligence analyst,en,
Market Research Analyst,research analyst,en,
Market Research Analyst,市場研究分析師,zh,
Market Research Analyst,市調分析師,zh,
Market Research Analyst,市場調查分析師,zh,
Market Research Analyst,市場分析師,zh,
Research Associate,Research Associate,en,
Research Associate,research associate,en,
Research Associate,research assistant,en,
Research Associate,research specialist,en,
Research Associate,researcher,en,
Research Associate,研究助理,zh,
Research Associate,研究專員,zh,
Research Associate,產業研究員,zh,
Survey Analyst,Survey Analyst,en,
Survey Analyst,survey analyst,en,
Survey Analyst,survey research analyst,en,
Survey Analyst,questionnaire analyst,en,
Survey Analyst,問卷分析師,zh,
Survey Analyst,調查分析師,zh,
Survey Analyst,問卷研究員,zh,
Survey Analyst,市調分析師,zh,
Consumer Research Analyst,Consumer Research Analyst,en,
Consumer Research Analyst,consumer research analyst,en,
Consumer Research Analyst,consumer insight analyst,en,
Consumer Research Analyst,consumer behavior analyst,en,
Consumer Research Analyst,消費者研究分析師,zh,
Consumer Research Analyst,消費者洞察分析師,zh,
Consumer Research Analyst,消費者行為分析師,zh,
Consumer Insights Analyst,Consumer Insights Analyst,en,
Consumer Insights Analyst,consumer insights analyst,en,
Consumer Insights Analyst,consumer insight analyst,en,
Consumer Insights Analyst,consumer analyst,en,
Consumer Insights Analyst,消費者洞察分析師,zh,
Consumer Insights Analyst,消費者分析師,zh,
Consumer Insights Analyst,消費者研究分析師,zh,
Customer Insights Analyst,Customer Insights Analyst,en,
Customer Insights Analyst,customer insights analyst,en,
Customer Insights Analyst,customer insight analyst,en,
Customer Insights Analyst,customer analyst,en,
Customer Insights Analyst,customer analytics analyst,en,
Customer Insights Analyst,顧客洞察分析師,zh,
Customer Insights Analyst,客戶洞察分析師,zh,
Customer Insights Analyst,顧客分析師,zh,
User Research Analyst,User Research Analyst,en,
User Research Analyst,user research analyst,en,
User Research Analyst,ux research analyst,en,
User Research Analyst,user researcher,en,
User Research Analyst,ux researcher,en,
User Research Analyst,使用者研究分析師,zh,
User Research Analyst,用戶研究員,zh,
User Research Analyst,UX研究員,mixed,
User Research Analyst,使用者洞察分析師,zh,
Competitive Intelligence Analyst,Competitive Intelligence Analyst,en,
Competitive Intelligence Analyst,competitive intelligence analyst,en,
Competitive Intelligence Analyst,ci analyst,en,
Competitive Intelligence Analyst,competitive analyst,en,
Competitive Intelligence Analyst,competition analyst,en,
Competitive Intelligence Analyst,競品分析師,zh,
Competitive Intelligence Analyst,競爭情報分析師,zh,
Competitive Intelligence Analyst,競爭分析師,zh,
Market Intelligence Analyst,Market Intelligence Analyst,en,
Market Intelligence Analyst,market intelligence analyst,en,
Market Intelligence Analyst,mi analyst,en,
Market Intelligence Analyst,market insight analyst,en,
Market Intelligence Analyst,industry intelligence analyst,en,
Market Intelligence Analyst,市場情報分析師,zh,
Market Intelligence Analyst,市場洞察分析師,zh,
Market Intelligence Analyst,產業情報分析師,zh,
Industry Research Analyst,Industry Research Analyst,en,
Industry Research Analyst,industry research analyst,en,
Industry Research Analyst,industry analyst,en,
Industry Research Analyst,sector research analyst,en,
Industry Research Analyst,行業研究員,zh,
Industry Research Analyst,產業研究分析師,zh,
Industry Research Analyst,產業分析師,zh,
Business Development Associate,Business Development Associate,en,
Business Development Associate,business development associate,en,
Business Development Associate,bd associate,en,
Business Development Associate,business development specialist,en,
Business Development Associate,bd specialist,en,
Business Development Associate,商務開發專員,zh,
Business Development Associate,業務開發專員,zh,
Business Development Associate,BD專員,mixed,
Business Development Associate,商業開發專員,zh,
Business Development Representative,Business Development Representative,en,
Business Development Representative,business development representative,en,
Business Development Representative,bdr,en,
Business Development Representative,business development rep,en,
Business Development Representative,sales development representative,en,
Business Development Representative,sdr,en,
Business Development Representative,業務開發代表,zh,
Business Development Representative,商務開發代表,zh,
Business Development Representative,BDR,en,
Business Development Representative,開發業務,zh,
Business Development Manager,Business Development Manager,en,
Business Development Manager,business development manager,en,
Business Development Manager,bd manager,en,
Business Development Manager,business development lead,en,
Business Development Manager,partnership development manager,en,
Business Development Manager,商務開發經理,zh,
Business Development Manager,業務開發經理,zh,
Business Development Manager,BD經理,mixed,
Business Development Manager,商業開發經理,zh,
Sales Executive,Sales Executive,en,
Sales Executive,sales executive,en,
Sales Executive,sales rep,en,
Sales Executive,sales representative,en,
Sales Executive,sales specialist,en,
Sales Executive,業務專員,zh,
Sales Executive,業務代表,zh,
Sales Executive,銷售專員,zh,
Sales Analyst,Sales Analyst,en,
Sales Analyst,sales analyst,en,
Sales Analyst,sales operations analyst,en,
Sales Analyst,sales data analyst,en,
Sales Analyst,sales analytics analyst,en,
Sales Analyst,銷售分析師,zh,
Sales Analyst,業務分析師,zh,
Sales Analyst,Sales分析師,mixed,
Account Executive,Account Executive,en,
Account Executive,account executive,en,
Account Executive,ae,en,AE 常用於 Account Executive，也可能指 Advertising Executive
Account Executive,account exec,en,
Account Executive,sales account executive,en,
Account Executive,客戶業務,zh,
Account Executive,客戶經理,zh,
Account Executive,AE,en,
Account Executive,業務專員,zh,
Account Manager,Account Manager,en,
Account Manager,account manager,en,
Account Manager,am,en,
Account Manager,client manager,en,
Account Manager,account lead,en,
Account Manager,客戶經理,zh,
Account Manager,帳戶經理,zh,
Account Manager,業務經理,zh,
Key Account Manager,Key Account Manager,en,
Key Account Manager,key account manager,en,
Key Account Manager,kam,en,
Key Account Manager,strategic account manager,en,
Key Account Manager,major account manager,en,
Key Account Manager,大客戶經理,zh,
Key Account Manager,關鍵客戶經理,zh,
Key Account Manager,KAM,en,
Partnership Manager,Partnership Manager,en,
Partnership Manager,partnership manager,en,
Partnership Manager,partnerships manager,en,
Partnership Manager,strategic partnership manager,en,
Partnership Manager,business partnership manager,en,
Partnership Manager,合作夥伴經理,zh,
Partnership Manager,異業合作經理,zh,
Partnership Manager,策略合作經理,zh,
Strategic Partnerships Analyst,Strategic Partnerships Analyst,en,
Strategic Partnerships Analyst,strategic partnerships analyst,en,
Strategic Partnerships Analyst,partnership analyst,en,
Strategic Partnerships Analyst,strategic partnership analyst,en,
Strategic Partnerships Analyst,business partnership analyst,en,
Strategic Partnerships Analyst,策略合作分析師,zh,
Strategic Partnerships Analyst,商務合作分析師,zh,
Strategic Partnerships Analyst,Partnership分析師,mixed,
Channel Sales Manager,Channel Sales Manager,en,
Channel Sales Manager,channel sales manager,en,
Channel Sales Manager,channel manager,en,
Channel Sales Manager,channel development manager,en,
Channel Sales Manager,通路業務經理,zh,
Channel Sales Manager,渠道銷售經理,zh,
Channel Sales Manager,通路開發經理,zh,
Customer Success Manager,Customer Success Manager,en,
Customer Success Manager,customer success manager,en,
Customer Success Manager,csm,en,
Customer Success Manager,customer success lead,en,
Customer Success Manager,client success manager,en,
Customer Success Manager,客戶成功經理,zh,
Customer Success Manager,CSM,en,
Customer Success Manager,客戶經營經理,zh,
Associate Product Manager,Associate Product Manager,en,
Associate Product Manager,associate product manager,en,
Associate Product Manager,apm,en,
Associate Product Manager,associate pm,en,
Associate Product Manager,junior product manager,en,
Associate Product Manager,助理產品經理,zh,
Associate Product Manager,初階產品經理,zh,
Associate Product Manager,APM,en,
Associate Product Manager,Associate PM,en,
Product Manager,Product Manager,en,
Product Manager,product manager,en,
Product Manager,pm,en,PM 可能是 Product Manager 或 Project Manager，需依上下文判斷
Product Manager,product lead,en,
Product Manager,product management,en,
Product Manager,產品經理,zh,
Product Manager,PM,en,PM 可能是 Product Manager 或 Project Manager，需依上下文判斷
Product Owner,Product Owner,en,
Product Owner,product owner,en,
Product Owner,po,en,PO 也可能指 purchase order，需搭配 role context
Product Owner,scrum product owner,en,
Product Owner,產品負責人,zh,
Product Owner,PO,en,
Software Product Manager,Software Product Manager,en,
Software Product Manager,software product manager,en,
Software Product Manager,software pm,en,
Software Product Manager,software product lead,en,
Software Product Manager,軟體產品經理,zh,
Software Product Manager,Software PM,en,
Software Product Manager,軟體PM,mixed,
Technical Product Manager,Technical Product Manager,en,
Technical Product Manager,technical product manager,en,
Technical Product Manager,technical pm,en,
Technical Product Manager,tpm product,en,
Technical Product Manager,tech product manager,en,
Technical Product Manager,技術產品經理,zh,
Technical Product Manager,Technical PM,en,
Technical Product Manager,技術PM,mixed,
Platform Product Manager,Platform Product Manager,en,
Platform Product Manager,platform product manager,en,
Platform Product Manager,platform pm,en,
Platform Product Manager,platform product lead,en,
Platform Product Manager,平台產品經理,zh,
Platform Product Manager,平台PM,mixed,
Platform Product Manager,Platform PM,en,
Product Operations Analyst,Product Operations Analyst,en,
Product Operations Analyst,product operations analyst,en,
Product Operations Analyst,product ops analyst,en,
Product Operations Analyst,product operation analyst,en,
Product Operations Analyst,產品營運分析師,zh,
Product Operations Analyst,Product Ops分析師,mixed,
Product Operations Analyst,產品運營分析師,zh,
Product Operations Manager,Product Operations Manager,en,
Product Operations Manager,product operations manager,en,
Product Operations Manager,product ops manager,en,
Product Operations Manager,product operation manager,en,
Product Operations Manager,產品營運經理,zh,
Product Operations Manager,Product Ops經理,mixed,
Product Operations Manager,產品運營經理,zh,
Product Strategy Analyst,Product Strategy Analyst,en,
Product Strategy Analyst,product strategy analyst,en,
Product Strategy Analyst,product strategist analyst,en,
Product Strategy Analyst,product planning analyst,en,
Product Strategy Analyst,產品策略分析師,zh,
Product Strategy Analyst,Product Strategy分析師,mixed,
Product Strategy Analyst,產品企劃分析師,zh,
Product Analyst,Product Analyst,en,
Product Analyst,product analyst,en,
Product Analyst,product data analyst,en,
Product Analyst,product analytics analyst,en,
Product Analyst,pa,en,
Product Analyst,產品分析師,zh,
Product Analyst,產品數據分析師,zh,
Growth Product Analyst,Growth Product Analyst,en,
Growth Product Analyst,growth product analyst,en,
Growth Product Analyst,growth product analytics analyst,en,
Growth Product Analyst,user growth product analyst,en,
Growth Product Analyst,成長產品分析師,zh,
Growth Product Analyst,Growth Product分析師,mixed,
Growth Product Analyst,用戶成長產品分析師,zh,
User Researcher,User Researcher,en,
User Researcher,user researcher,en,
User Researcher,ux researcher,en,
User Researcher,user research specialist,en,
User Researcher,使用者研究員,zh,
User Researcher,用戶研究員,zh,
User Researcher,UX研究員,mixed,
Strategy Analyst,Strategy Analyst,en,
Strategy Analyst,strategy analyst,en,
Strategy Analyst,business strategy analyst,en,
Strategy Analyst,strategic analyst,en,
Strategy Analyst,策略分析師,zh,
Strategy Analyst,商業策略分析師,zh,
Corporate Strategy Analyst,Corporate Strategy Analyst,en,
Corporate Strategy Analyst,corporate strategy analyst,en,
Corporate Strategy Analyst,corp strategy analyst,en,
Corporate Strategy Analyst,company strategy analyst,en,
Corporate Strategy Analyst,企業策略分析師,zh,
Corporate Strategy Analyst,公司策略分析師,zh,
Corporate Strategy Analyst,Corporate Strategy分析師,mixed,
Business Strategy Associate,Business Strategy Associate,en,
Business Strategy Associate,business strategy associate,en,
Business Strategy Associate,strategy associate,en,
Business Strategy Associate,business strategy specialist,en,
Business Strategy Associate,商業策略專員,zh,
Business Strategy Associate,策略專員,zh,
Strategic Planning Analyst,Strategic Planning Analyst,en,
Strategic Planning Analyst,strategic planning analyst,en,
Strategic Planning Analyst,strategy planning analyst,en,
Strategic Planning Analyst,corporate planning analyst,en,
Strategic Planning Analyst,策略規劃分析師,zh,
Strategic Planning Analyst,戰略規劃分析師,zh,
Strategic Planning Analyst,Strategic Planning分析師,mixed,
Corporate Development Analyst,Corporate Development Analyst,en,
Corporate Development Analyst,corporate development analyst,en,
Corporate Development Analyst,corp dev analyst,en,
Corporate Development Analyst,corporate development associate,en,
Corporate Development Analyst,企業發展分析師,zh,
Corporate Development Analyst,公司發展分析師,zh,
Corporate Development Analyst,Corp Dev分析師,mixed,
Chief of Staff Associate,Chief of Staff Associate,en,
Chief of Staff Associate,chief of staff associate,en,
Chief of Staff Associate,chief of staff analyst,en,
Chief of Staff Associate,ceo office associate,en,
Chief of Staff Associate,founder office associate,en,
Chief of Staff Associate,幕僚專員,zh,
Chief of Staff Associate,總經理室專員,zh,
Chief of Staff Associate,CEO Office專員,mixed,
CEO Office Analyst,CEO Office Analyst,en,
CEO Office Analyst,ceo office analyst,en,
CEO Office Analyst,office of ceo analyst,en,
CEO Office Analyst,executive office analyst,en,
CEO Office Analyst,總經理室分析師,zh,
CEO Office Analyst,CEO Office分析師,mixed,
CEO Office Analyst,經營企劃分析師,zh,
Business Transformation Analyst,Business Transformation Analyst,en,
Business Transformation Analyst,business transformation analyst,en,
Business Transformation Analyst,transformation analyst,en,
Business Transformation Analyst,digital transformation analyst,en,
Business Transformation Analyst,企業轉型分析師,zh,
Business Transformation Analyst,商業轉型分析師,zh,
Business Transformation Analyst,Business Transformation分析師,mixed,
Strategic Initiatives Analyst,Strategic Initiatives Analyst,en,
Strategic Initiatives Analyst,strategic initiatives analyst,en,
Strategic Initiatives Analyst,strategic projects analyst,en,
Strategic Initiatives Analyst,strategy initiatives analyst,en,
Strategic Initiatives Analyst,策略專案分析師,zh,
Strategic Initiatives Analyst,策略推進分析師,zh,
Strategic Initiatives Analyst,Strategic Initiatives分析師,mixed,
Business Operations Analyst,Business Operations Analyst,en,
Business Operations Analyst,business operations analyst,en,
Business Operations Analyst,bizops analyst,en,
Business Operations Analyst,business ops analyst,en,
Business Operations Analyst,商業營運分析師,zh,
Business Operations Analyst,Business Operations分析師,mixed,
Business Operations Analyst,BizOps分析師,mixed,
Business Operations Associate,Business Operations Associate,en,
Business Operations Associate,business operations associate,en,
Business Operations Associate,bizops associate,en,
Business Operations Associate,business ops associate,en,
Business Operations Associate,商業營運專員,zh,
Business Operations Associate,BizOps專員,mixed,
Business Analyst,Business Analyst,en,
Business Analyst,business analyst,en,
Business Analyst,ba,en,BA 可能是 Business Analyst，也可能是 bachelor degree 縮寫；職缺標題中通常可用
Business Analyst,business analysis analyst,en,
Business Analyst,business analyst intern,en,
Business Analyst,商業分析師,zh,
Business Analyst,BA,en,
Associate Consultant,Associate Consultant,en,
Associate Consultant,associate consultant,en,
Associate Consultant,consultant associate,en,
Associate Consultant,entry level consultant,en,
Associate Consultant,顧問,zh,
Associate Consultant,助理顧問,zh,
Associate Consultant,初階顧問,zh,
Junior Consultant,Junior Consultant,en,
Junior Consultant,junior consultant,en,
Junior Consultant,consultant assistant,en,
Junior Consultant,entry consultant,en,
Junior Consultant,初階顧問,zh,
Junior Consultant,顧問助理,zh,
Management Consultant,Management Consultant,en,
Management Consultant,management consultant,en,
Management Consultant,mgmt consultant,en,
Management Consultant,business consultant,en,
Management Consultant,管理顧問,zh,
Strategy Consultant,Strategy Consultant,en,
Strategy Consultant,strategy consultant,en,
Strategy Consultant,strategic consultant,en,
Strategy Consultant,策略顧問,zh,
Business Consultant,Business Consultant,en,
Business Consultant,business consultant,en,
Business Consultant,enterprise consultant,en,
Business Consultant,business advisory consultant,en,
Business Consultant,商業顧問,zh,
Business Consultant,企業顧問,zh,
Operations Consultant,Operations Consultant,en,
Operations Consultant,operations consultant,en,
Operations Consultant,operation consultant,en,
Operations Consultant,ops consultant,en,
Operations Consultant,營運顧問,zh,
Operations Consultant,運營顧問,zh,
Process Improvement Consultant,Process Improvement Consultant,en,
Process Improvement Consultant,process improvement consultant,en,
Process Improvement Consultant,process consultant,en,
Process Improvement Consultant,process optimization consultant,en,
Process Improvement Consultant,流程改善顧問,zh,
Process Improvement Consultant,流程優化顧問,zh,
Process Improvement Consultant,Process Improvement顧問,mixed,
Business Transformation Consultant,Business Transformation Consultant,en,
Business Transformation Consultant,business transformation consultant,en,
Business Transformation Consultant,transformation consultant,en,
Business Transformation Consultant,商業轉型顧問,zh,
Business Transformation Consultant,企業轉型顧問,zh,
Business Transformation Consultant,Business Transformation顧問,mixed,
Technology Consultant,Technology Consultant,en,
Technology Consultant,technology consultant,en,
Technology Consultant,tech consultant,en,
Technology Consultant,technical consultant,en,
Technology Consultant,科技顧問,zh,
Technology Consultant,技術顧問,zh,
Digital Transformation Consultant,Digital Transformation Consultant,en,
Digital Transformation Consultant,digital transformation consultant,en,
Digital Transformation Consultant,dx consultant,en,
Digital Transformation Consultant,digital consultant,en,
Digital Transformation Consultant,數位轉型顧問,zh,
Digital Transformation Consultant,Digital Transformation顧問,mixed,
Digital Transformation Consultant,DX顧問,mixed,
IT Consultant,IT Consultant,en,
IT Consultant,it consultant,en,
IT Consultant,information technology consultant,en,
IT Consultant,systems consultant,en,
IT Consultant,IT顧問,mixed,
IT Consultant,資訊顧問,zh,
IT Consultant,系統顧問,zh,
Business Technology Analyst,Business Technology Analyst,en,
Business Technology Analyst,business technology analyst,en,
Business Technology Analyst,bta,en,
Business Technology Analyst,business tech analyst,en,
Business Technology Analyst,商業科技分析師,zh,
Business Technology Analyst,科技分析師,zh,
Systems Consultant,Systems Consultant,en,
Systems Consultant,systems consultant,en,
Systems Consultant,system consultant,en,
Systems Consultant,information systems consultant,en,
Systems Consultant,系統顧問,zh,
Systems Consultant,資訊系統顧問,zh,
Marketing Consultant,Marketing Consultant,en,
Marketing Consultant,marketing consultant,en,
Marketing Consultant,marketing advisory consultant,en,
Marketing Consultant,行銷顧問,zh,
Human Capital Consultant,Human Capital Consultant,en,
Human Capital Consultant,human capital consultant,en,
Human Capital Consultant,hr consultant,en,
Human Capital Consultant,people consultant,en,
Human Capital Consultant,人力資本顧問,zh,
Human Capital Consultant,HR顧問,mixed,
Risk Consultant,Risk Consultant,en,
Risk Consultant,risk consultant,en,
Risk Consultant,risk advisory consultant,en,
Risk Consultant,風險顧問,zh,
Compliance Consultant,Compliance Consultant,en,
Compliance Consultant,compliance consultant,en,
Compliance Consultant,regulatory compliance consultant,en,
Compliance Consultant,法遵顧問,zh,
Compliance Consultant,合規顧問,zh,
ESG Consultant,ESG Consultant,en,
ESG Consultant,esg consultant,en,
ESG Consultant,sustainability consultant,en,
ESG Consultant,esg advisory consultant,en,
ESG Consultant,ESG顧問,mixed,
ESG Consultant,永續顧問,zh,
Sustainability Consultant,Sustainability Consultant,en,
Sustainability Consultant,sustainability consultant,en,
Sustainability Consultant,sustainable development consultant,en,
Sustainability Consultant,永續顧問,zh,
Sustainability Consultant,永續發展顧問,zh,
Analytics Consultant,Analytics Consultant,en,
Analytics Consultant,analytics consultant,en,
Analytics Consultant,data analytics consultant,en,
Analytics Consultant,analysis consultant,en,
Analytics Consultant,數據分析顧問,zh,
Analytics Consultant,分析顧問,zh,
Financial Analyst,Financial Analyst,en,
Financial Analyst,financial analyst,en,
Financial Analyst,finance analyst,en,
Financial Analyst,financial planning analyst,en,
Financial Analyst,財務分析師,zh,
Financial Analyst,財務企劃分析師,zh,
Finance Analyst,Finance Analyst,en,
Finance Analyst,finance analyst,en,
Finance Analyst,financial analyst,en,
Finance Analyst,finance associate,en,
Finance Analyst,財務分析師,zh,
Finance Analyst,財務專員,zh,
FP&A Analyst,FP&A Analyst,en,
FP&A Analyst,fp&a analyst,en,
FP&A Analyst,fpanda analyst,en,
FP&A Analyst,fpa analyst,en,
FP&A Analyst,fpna analyst,en,
FP&A Analyst,financial planning and analysis analyst,en,
FP&A Analyst,FP&A分析師,mixed,
FP&A Analyst,財務規劃分析師,zh,
FP&A Analyst,財務計畫分析師,zh,
Financial Planning Analyst,Financial Planning Analyst,en,
Financial Planning Analyst,financial planning analyst,en,
Financial Planning Analyst,financial planning and analysis analyst,en,
Financial Planning Analyst,planning analyst,en,
Financial Planning Analyst,財務規劃分析師,zh,
Financial Planning Analyst,Financial Planning分析師,mixed,
Financial Planning Analyst,財務計畫分析師,zh,
Budget Analyst,Budget Analyst,en,
Budget Analyst,budget analyst,en,
Budget Analyst,budgeting analyst,en,
Budget Analyst,budgeting specialist,en,
Budget Analyst,預算分析師,zh,
Budget Analyst,預算管理師,zh,
Corporate Finance Analyst,Corporate Finance Analyst,en,
Corporate Finance Analyst,corporate finance analyst,en,
Corporate Finance Analyst,corp finance analyst,en,
Corporate Finance Analyst,company finance analyst,en,
Corporate Finance Analyst,企業財務分析師,zh,
Corporate Finance Analyst,Corporate Finance分析師,mixed,
Corporate Finance Analyst,公司財務分析師,zh,
Strategic Finance Analyst,Strategic Finance Analyst,en,
Strategic Finance Analyst,strategic finance analyst,en,
Strategic Finance Analyst,strategy finance analyst,en,
Strategic Finance Analyst,finance strategy analyst,en,
Strategic Finance Analyst,策略財務分析師,zh,
Strategic Finance Analyst,Strategic Finance分析師,mixed,
Strategic Finance Analyst,財務策略分析師,zh,
Commercial Finance Analyst,Commercial Finance Analyst,en,
Commercial Finance Analyst,commercial finance analyst,en,
Commercial Finance Analyst,business finance analyst,en,
Commercial Finance Analyst,sales finance analyst,en,
Commercial Finance Analyst,商業財務分析師,zh,
Commercial Finance Analyst,Commercial Finance分析師,mixed,
Commercial Finance Analyst,業務財務分析師,zh,
Treasury Analyst,Treasury Analyst,en,
Treasury Analyst,treasury analyst,en,
Treasury Analyst,treasury associate,en,
Treasury Analyst,cash management analyst,en,
Treasury Analyst,資金管理分析師,zh,
Treasury Analyst,Treasury分析師,mixed,
Treasury Analyst,財資分析師,zh,
Revenue Analyst,Revenue Analyst,en,
Revenue Analyst,revenue analyst,en,
Revenue Analyst,revenue management analyst,en,
Revenue Analyst,income analyst,en,
Revenue Analyst,營收分析師,zh,
Revenue Analyst,收入分析師,zh,
Pricing Analyst,Pricing Analyst,en,
Pricing Analyst,pricing analyst,en,
Pricing Analyst,price analyst,en,
Pricing Analyst,pricing analytics analyst,en,
Pricing Analyst,定價分析師,zh,
Pricing Analyst,價格分析師,zh,
Pricing Analyst,保險定價分析師,zh,
Revenue Operations Analyst,Revenue Operations Analyst,en,
Revenue Operations Analyst,revenue operations analyst,en,
Revenue Operations Analyst,revops analyst,en,
Revenue Operations Analyst,revenue ops analyst,en,
Revenue Operations Analyst,營收營運分析師,zh,
Revenue Operations Analyst,RevOps分析師,mixed,
Revenue Operations Analyst,Revenue Operations分析師,mixed,
Investment Banking Analyst,Investment Banking Analyst,en,
Investment Banking Analyst,investment banking analyst,en,
Investment Banking Analyst,ib analyst,en,
Investment Banking Analyst,investment bank analyst,en,
Investment Banking Analyst,投資銀行分析師,zh,
Investment Banking Analyst,IB Analyst,en,
Investment Banking Analyst,投行分析師,zh,
Capital Markets Analyst,Capital Markets Analyst,en,
Capital Markets Analyst,capital markets analyst,en,
Capital Markets Analyst,capital market analyst,en,
Capital Markets Analyst,資本市場分析師,zh,
Sales & Trading Analyst,Sales & Trading Analyst,en,
Sales & Trading Analyst,sales & trading analyst,en,
Sales & Trading Analyst,sales and trading analyst,en,
Sales & Trading Analyst,s&t analyst,en,
Sales & Trading Analyst,trading analyst,en,
Sales & Trading Analyst,銷售交易分析師,zh,
Sales & Trading Analyst,Sales & Trading分析師,mixed,
Sales & Trading Analyst,交易分析師,zh,
Trader,Trader,en,
Trader,trader,en,
Trader,financial trader,en,
Trader,market trader,en,
Trader,交易員,zh,
Trader,金融交易員,zh,
Equity Research Analyst,Equity Research Analyst,en,
Equity Research Analyst,equity research analyst,en,
Equity Research Analyst,er analyst,en,
Equity Research Analyst,stock research analyst,en,
Equity Research Analyst,股票研究分析師,zh,
Equity Research Analyst,研究員,zh,
Fixed Income Analyst,Fixed Income Analyst,en,
Fixed Income Analyst,fixed income analyst,en,
Fixed Income Analyst,bond analyst,en,
Fixed Income Analyst,fixed income research analyst,en,
Fixed Income Analyst,固定收益分析師,zh,
Fixed Income Analyst,債券分析師,zh,
Investment Research Analyst,Investment Research Analyst,en,
Investment Research Analyst,investment research analyst,en,
Investment Research Analyst,investment analyst,en,
Investment Research Analyst,research analyst investment,en,
Investment Research Analyst,投資研究分析師,zh,
Investment Research Analyst,投資分析師,zh,
Credit Research Analyst,Credit Research Analyst,en,
Credit Research Analyst,credit research analyst,en,
Credit Research Analyst,credit analyst,en,
Credit Research Analyst,bond credit analyst,en,
Credit Research Analyst,信用研究分析師,zh,
Credit Research Analyst,債信分析師,zh,
Investment Analyst,Investment Analyst,en,
Investment Analyst,investment analyst,en,
Investment Analyst,investment associate,en,
Investment Analyst,投資分析師,zh,
Portfolio Analyst,Portfolio Analyst,en,
Portfolio Analyst,portfolio analyst,en,
Portfolio Analyst,portfolio management analyst,en,
Portfolio Analyst,asset allocation analyst,en,
Portfolio Analyst,投資組合分析師,zh,
Portfolio Analyst,資產配置分析師,zh,
Asset Management Analyst,Asset Management Analyst,en,
Asset Management Analyst,asset management analyst,en,
Asset Management Analyst,am analyst,en,
Asset Management Analyst,asset mgmt analyst,en,
Asset Management Analyst,資產管理分析師,zh,
Private Equity Analyst,Private Equity Analyst,en,
Private Equity Analyst,private equity analyst,en,
Private Equity Analyst,pe analyst,en,
Private Equity Analyst,private equity associate,en,
Private Equity Analyst,私募股權分析師,zh,
Private Equity Analyst,PE Analyst,en,
Venture Capital Analyst,Venture Capital Analyst,en,
Venture Capital Analyst,venture capital analyst,en,
Venture Capital Analyst,vc analyst,en,
Venture Capital Analyst,venture investment analyst,en,
Venture Capital Analyst,創投分析師,zh,
Venture Capital Analyst,VC Analyst,en,
Venture Capital Analyst,VC分析師,mixed,
Corporate Banking Analyst,Corporate Banking Analyst,en,
Corporate Banking Analyst,corporate banking analyst,en,
Corporate Banking Analyst,commercial banking analyst,en,
Corporate Banking Analyst,法金分析師,zh,
Corporate Banking Analyst,企業金融分析師,zh,
Commercial Banking Analyst,Commercial Banking Analyst,en,
Commercial Banking Analyst,commercial banking analyst,en,
Commercial Banking Analyst,business banking analyst,en,
Commercial Banking Analyst,企金分析師,zh,
Commercial Banking Analyst,商業銀行分析師,zh,
Credit Analyst,Credit Analyst,en,
Credit Analyst,credit analyst,en,
Credit Analyst,loan analyst,en,
Credit Analyst,credit officer,en,
Credit Analyst,信用分析師,zh,
Credit Analyst,授信分析師,zh,
Loan Officer,Loan Officer,en,
Loan Officer,loan officer,en,
Loan Officer,loan specialist,en,
Loan Officer,credit officer,en,
Loan Officer,貸款專員,zh,
Loan Officer,授信專員,zh,
Underwriting Analyst,Underwriting Analyst,en,
Underwriting Analyst,underwriting analyst,en,
Underwriting Analyst,underwriter analyst,en,
Underwriting Analyst,underwriting associate,en,
Underwriting Analyst,核保分析師,zh,
Underwriting Analyst,承銷分析師,zh,
Underwriting Analyst,核保人員,zh,
Relationship Manager,Relationship Manager,en,
Relationship Manager,relationship manager,en,
Relationship Manager,rm,en,RM 常指 Relationship Manager，但也可能是 Risk Management
Relationship Manager,client relationship manager,en,
Relationship Manager,客戶關係經理,zh,
Relationship Manager,RM,en,
Wealth Management Associate,Wealth Management Associate,en,
Wealth Management Associate,wealth management associate,en,
Wealth Management Associate,wm associate,en,
Wealth Management Associate,wealth advisor associate,en,
Wealth Management Associate,財富管理專員,zh,
Wealth Management Associate,理財專員,zh,
Private Banking Associate,Private Banking Associate,en,
Private Banking Associate,private banking associate,en,
Private Banking Associate,pb associate,en,
Private Banking Associate,private banker associate,en,
Private Banking Associate,私人銀行專員,zh,
Private Banking Associate,私銀專員,zh,
Financial Advisor,Financial Advisor,en,
Financial Advisor,financial advisor,en,
Financial Advisor,financial consultant,en,
Financial Advisor,wealth advisor,en,
Financial Advisor,理財顧問,zh,
Financial Advisor,財務顧問,zh,
Investment Consultant,Investment Consultant,en,
Investment Consultant,investment consultant,en,
Investment Consultant,investment advisor,en,
Investment Consultant,投資顧問,zh,
Banking Risk Analyst,Banking Risk Analyst,en,
Banking Risk Analyst,banking risk analyst,en,
Banking Risk Analyst,bank risk analyst,en,
Banking Risk Analyst,financial risk analyst banking,en,
Banking Risk Analyst,銀行風險分析師,zh,
Banking Risk Analyst,金融風險分析師,zh,
Credit Risk Analyst,Credit Risk Analyst,en,
Credit Risk Analyst,credit risk analyst,en,
Credit Risk Analyst,credit risk management analyst,en,
Credit Risk Analyst,信用風險分析師,zh,
Market Risk Analyst,Market Risk Analyst,en,
Market Risk Analyst,market risk analyst,en,
Market Risk Analyst,market risk management analyst,en,
Market Risk Analyst,市場風險分析師,zh,
Accountant,Accountant,en,
Accountant,accountant,en,
Accountant,accounting specialist,en,
Accountant,accounting staff,en,
Accountant,會計,zh,
Accountant,會計專員,zh,
Accountant,會計人員,zh,
Accounting Analyst,Accounting Analyst,en,
Accounting Analyst,accounting analyst,en,
Accounting Analyst,accounting specialist analyst,en,
Accounting Analyst,finance accounting analyst,en,
Accounting Analyst,會計分析師,zh,
Accounting Analyst,會計管理師,zh,
Accounting Analyst,財會分析師,zh,
Cost Accountant,Cost Accountant,en,
Cost Accountant,cost accountant,en,
Cost Accountant,cost accounting specialist,en,
Cost Accountant,成本會計,zh,
Cost Accountant,成本會計專員,zh,
Cost Accounting Analyst,Cost Accounting Analyst,en,
Cost Accounting Analyst,cost accounting analyst,en,
Cost Accounting Analyst,cost analyst,en,
Cost Accounting Analyst,cost control analyst,en,
Cost Accounting Analyst,成本會計分析師,zh,
Cost Accounting Analyst,成本分析師,zh,
Management Accountant,Management Accountant,en,
Management Accountant,management accountant,en,
Management Accountant,managerial accountant,en,
Management Accountant,管理會計,zh,
Management Accountant,管理會計專員,zh,
Revenue Accountant,Revenue Accountant,en,
Revenue Accountant,revenue accountant,en,
Revenue Accountant,revenue accounting specialist,en,
Revenue Accountant,收入會計,zh,
Revenue Accountant,營收會計,zh,
Audit Associate,Audit Associate,en,
Audit Associate,audit associate,en,
Audit Associate,audit assistant,en,
Audit Associate,auditing associate,en,
Audit Associate,審計員,zh,
Audit Associate,審計助理,zh,
Audit Associate,審計專員,zh,
Auditor,Auditor,en,
Auditor,auditor,en,
Auditor,audit specialist,en,
Auditor,稽核員,zh,
Auditor,審計員,zh,
External Auditor,External Auditor,en,
External Auditor,external auditor,en,
External Auditor,external audit associate,en,
External Auditor,外部審計員,zh,
External Auditor,外部稽核員,zh,
Internal Auditor,Internal Auditor,en,
Internal Auditor,internal auditor,en,
Internal Auditor,internal audit specialist,en,
Internal Auditor,內部稽核,zh,
Internal Auditor,內稽專員,zh,
Assurance Associate,Assurance Associate,en,
Assurance Associate,assurance associate,en,
Assurance Associate,assurance auditor,en,
Assurance Associate,審計專員,zh,
Assurance Associate,確信服務專員,zh,
IT Auditor,IT Auditor,en,
IT Auditor,it auditor,en,
IT Auditor,information systems auditor,en,
IT Auditor,資訊稽核,zh,
IT Auditor,IT稽核,mixed,
Tax Associate,Tax Associate,en,
Tax Associate,tax associate,en,
Tax Associate,tax specialist,en,
Tax Associate,tax assistant,en,
Tax Associate,稅務專員,zh,
Tax Associate,稅務助理,zh,
Tax Analyst,Tax Analyst,en,
Tax Analyst,tax analyst,en,
Tax Analyst,tax specialist analyst,en,
Tax Analyst,tax management analyst,en,
Tax Analyst,稅務分析師,zh,
Tax Analyst,稅務管理師,zh,
Tax Consultant,Tax Consultant,en,
Tax Consultant,tax consultant,en,
Tax Consultant,tax advisory consultant,en,
Tax Consultant,稅務顧問,zh,
Transfer Pricing Analyst,Transfer Pricing Analyst,en,
Transfer Pricing Analyst,transfer pricing analyst,en,
Transfer Pricing Analyst,tp analyst,en,
Transfer Pricing Analyst,transfer pricing associate,en,
Transfer Pricing Analyst,移轉訂價分析師,zh,
Transfer Pricing Analyst,移轉定價分析師,zh,
Compliance Analyst,Compliance Analyst,en,
Compliance Analyst,compliance analyst,en,
Compliance Analyst,regulatory compliance analyst,en,
Compliance Analyst,aml compliance analyst,en,
Compliance Analyst,法遵分析師,zh,
Compliance Analyst,合規分析師,zh,
Risk Management Analyst,Risk Management Analyst,en,
Risk Management Analyst,risk management analyst,en,
Risk Management Analyst,risk analyst,en,
Risk Management Analyst,risk control analyst,en,
Risk Management Analyst,風險管理分析師,zh,
Risk Management Analyst,風控分析師,zh,
Enterprise Risk Analyst,Enterprise Risk Analyst,en,
Enterprise Risk Analyst,enterprise risk analyst,en,
Enterprise Risk Analyst,erm analyst,en,
Enterprise Risk Analyst,enterprise risk management analyst,en,
Enterprise Risk Analyst,企業風險分析師,zh,
Enterprise Risk Analyst,ERM分析師,mixed,
Operational Risk Analyst,Operational Risk Analyst,en,
Operational Risk Analyst,operational risk analyst,en,
Operational Risk Analyst,operation risk analyst,en,
Operational Risk Analyst,ops risk analyst,en,
Operational Risk Analyst,作業風險分析師,zh,
Operational Risk Analyst,營運風險分析師,zh,
Financial Risk Analyst,Financial Risk Analyst,en,
Financial Risk Analyst,financial risk analyst,en,
Financial Risk Analyst,finance risk analyst,en,
Financial Risk Analyst,金融風險分析師,zh,
Financial Risk Analyst,財務風險分析師,zh,
Insurance Analyst,Insurance Analyst,en,
Insurance Analyst,insurance analyst,en,
Insurance Analyst,insurance product analyst,en,
Insurance Analyst,insurance business analyst,en,
Insurance Analyst,保險分析師,zh,
Insurance Analyst,保險商品分析師,zh,
Claims Analyst,Claims Analyst,en,
Claims Analyst,claims analyst,en,
Claims Analyst,claim analyst,en,
Claims Analyst,claims specialist,en,
Claims Analyst,理賠分析師,zh,
Claims Analyst,理賠專員,zh,
Reinsurance Analyst,Reinsurance Analyst,en,
Reinsurance Analyst,reinsurance analyst,en,
Reinsurance Analyst,reinsurance specialist,en,
Reinsurance Analyst,再保險分析師,zh,
Reinsurance Analyst,再保險專員,zh,
Actuarial Analyst,Actuarial Analyst,en,
Actuarial Analyst,actuarial analyst,en,
Actuarial Analyst,actuarial associate,en,
Actuarial Analyst,actuarial student,en,
Actuarial Analyst,精算分析師,zh,
Actuarial Analyst,精算人員,zh,
Actuary,Actuary,en,
Actuary,actuary,en,
Actuary,qualified actuary,en,
Actuary,精算師,zh,
Reserving Analyst,Reserving Analyst,en,
Reserving Analyst,reserving analyst,en,
Reserving Analyst,actuarial reserving analyst,en,
Reserving Analyst,reserve analyst,en,
Reserving Analyst,準備金分析師,zh,
Reserving Analyst,精算準備金分析師,zh,
Operations Analyst,Operations Analyst,en,
Operations Analyst,operations analyst,en,
Operations Analyst,ops analyst,en,
Operations Analyst,operation analyst,en,
Operations Analyst,營運分析師,zh,
Operations Analyst,運營分析師,zh,
Operations Analyst,Ops分析師,mixed,
Operations Associate,Operations Associate,en,
Operations Associate,operations associate,en,
Operations Associate,ops associate,en,
Operations Associate,operation associate,en,
Operations Associate,營運專員,zh,
Operations Associate,運營專員,zh,
Operations Manager,Operations Manager,en,
Operations Manager,operations manager,en,
Operations Manager,ops manager,en,
Operations Manager,operation manager,en,
Operations Manager,營運經理,zh,
Operations Manager,運營經理,zh,
Strategy & Operations Analyst,Strategy & Operations Analyst,en,
Strategy & Operations Analyst,strategy & operations analyst,en,
Strategy & Operations Analyst,strategy and operations analyst,en,
Strategy & Operations Analyst,s&o analyst,en,S&O 可能指 Strategy & Operations 或 Sales & Operations，需搭配上下文
Strategy & Operations Analyst,strategic operations analyst,en,
Strategy & Operations Analyst,策略營運分析師,zh,
Strategy & Operations Analyst,S&O分析師,mixed,
Supply Chain Analyst,Supply Chain Analyst,en,
Supply Chain Analyst,supply chain analyst,en,
Supply Chain Analyst,scm analyst,en,
Supply Chain Analyst,supply chain planning analyst,en,
Supply Chain Analyst,供應鏈分析師,zh,
Logistics Analyst,Logistics Analyst,en,
Logistics Analyst,logistics analyst,en,
Logistics Analyst,logistic analyst,en,
Logistics Analyst,transportation analyst,en,
Logistics Analyst,物流分析師,zh,
Distribution Analyst,Distribution Analyst,en,
Distribution Analyst,distribution analyst,en,
Distribution Analyst,distribution planning analyst,en,
Distribution Analyst,配送分析師,zh,
Distribution Analyst,通路配送分析師,zh,
Demand Planner,Demand Planner,en,
Demand Planner,demand planner,en,
Demand Planner,demand planning analyst,en,
Demand Planner,demand planning specialist,en,
Demand Planner,需求規劃師,zh,
Demand Planner,需求計畫專員,zh,
Inventory Analyst,Inventory Analyst,en,
Inventory Analyst,inventory analyst,en,
Inventory Analyst,inventory planning analyst,en,
Inventory Analyst,stock analyst,en,
Inventory Analyst,庫存分析師,zh,
Inventory Analyst,存貨分析師,zh,
Procurement Analyst,Procurement Analyst,en,
Procurement Analyst,procurement analyst,en,
Procurement Analyst,purchasing analyst,en,
Procurement Analyst,sourcing analyst,en,
Procurement Analyst,採購分析師,zh,
Procurement Specialist,Procurement Specialist,en,
Procurement Specialist,procurement specialist,en,
Procurement Specialist,purchasing specialist,en,
Procurement Specialist,buyer,en,
Procurement Specialist,採購專員,zh,
Sourcing Specialist,Sourcing Specialist,en,
Sourcing Specialist,sourcing specialist,en,
Sourcing Specialist,strategic sourcing specialist,en,
Sourcing Specialist,procurement sourcing specialist,en,
Sourcing Specialist,尋源專員,zh,
Sourcing Specialist,採購開發專員,zh,
Purchasing Specialist,Purchasing Specialist,en,
Purchasing Specialist,purchasing specialist,en,
Purchasing Specialist,buyer,en,
Purchasing Specialist,procurement specialist,en,
Purchasing Specialist,採購專員,zh,
Vendor Manager,Vendor Manager,en,
Vendor Manager,vendor manager,en,
Vendor Manager,supplier manager,en,
Vendor Manager,vendor management manager,en,
Vendor Manager,供應商管理經理,zh,
Vendor Manager,廠商管理經理,zh,
Project Manager,Project Manager,en,
Project Manager,project manager,en,
Project Manager,pm,en,PM 可能是 Project Manager 或 Product Manager，需依上下文判斷
Project Manager,project lead,en,
Project Manager,專案經理,zh,
Project Manager,PM,en,
Program Manager,Program Manager,en,
Program Manager,program manager,en,
Program Manager,program lead,en,
Program Manager,project portfolio manager,en,
Program Manager,計畫經理,zh,
Program Manager,專案群經理,zh,
Business Program Manager,Business Program Manager,en,
Business Program Manager,business program manager,en,
Business Program Manager,business project manager,en,
Business Program Manager,biz program manager,en,
Business Program Manager,商業專案經理,zh,
PMO Analyst,PMO Analyst,en,
PMO Analyst,pmo analyst,en,
PMO Analyst,project management office analyst,en,
PMO Analyst,project management analyst,en,
PMO Analyst,PMO分析師,mixed,
PMO Analyst,專案管理分析師,zh,
PMO Analyst,專案管理辦公室分析師,zh,
Operations Excellence Analyst,Operations Excellence Analyst,en,
Operations Excellence Analyst,operations excellence analyst,en,
Operations Excellence Analyst,operational excellence analyst,en,
Operations Excellence Analyst,oe analyst,en,
Operations Excellence Analyst,營運卓越分析師,zh,
Operations Excellence Analyst,營運優化分析師,zh,
Business Intelligence Analyst,Business Intelligence Analyst,en,
Business Intelligence Analyst,business intelligence analyst,en,
Business Intelligence Analyst,bi analyst,en,BI = Business Intelligence；單獨 BI 可能過寬
Business Intelligence Analyst,business intel analyst,en,
Business Intelligence Analyst,商業智慧分析師,zh,
Business Intelligence Analyst,BI分析師,mixed,
BI Analyst,BI Analyst,en,
BI Analyst,bi analyst,en,
BI Analyst,business intelligence analyst,en,
BI Analyst,bi reporting analyst,en,
BI Analyst,BI分析師,mixed,
BI Analyst,商業智慧分析師,zh,
BI Developer,BI Developer,en,
BI Developer,bi developer,en,
BI Developer,business intelligence developer,en,
BI Developer,bi engineer,en,
BI Developer,BI開發工程師,mixed,
BI Developer,商業智慧開發工程師,zh,
Reporting Analyst,Reporting Analyst,en,
Reporting Analyst,reporting analyst,en,
Reporting Analyst,report analyst,en,
Reporting Analyst,management reporting analyst,en,
Reporting Analyst,報表分析師,zh,
Reporting Analyst,數據報表分析師,zh,
Dashboard Analyst,Dashboard Analyst,en,
Dashboard Analyst,dashboard analyst,en,
Dashboard Analyst,dashboard developer analyst,en,
Dashboard Analyst,dashboard reporting analyst,en,
Dashboard Analyst,儀表板分析師,zh,
Dashboard Analyst,Dashboard開發分析師,mixed,
Data Visualization Analyst,Data Visualization Analyst,en,
Data Visualization Analyst,data visualization analyst,en,
Data Visualization Analyst,data viz analyst,en,
Data Visualization Analyst,visualization analyst,en,
Data Visualization Analyst,資料視覺化分析師,zh,
Data Visualization Analyst,數據視覺化分析師,zh,
Marketing Analyst,Marketing Analyst,en,
Marketing Analyst,marketing analyst,en,
Marketing Analyst,marketing data analyst,en,
Marketing Analyst,marketing analytics analyst,en,
Marketing Analyst,行銷分析師,zh,
Marketing Analyst,行銷數據分析師,zh,
Financial Data Analyst,Financial Data Analyst,en,
Financial Data Analyst,financial data analyst,en,
Financial Data Analyst,finance data analyst,en,
Financial Data Analyst,financial analytics analyst,en,
Financial Data Analyst,財務數據分析師,zh,
Data Scientist,Data Scientist,en,
Data Scientist,data scientist,en,
Data Scientist,ds,en,DS 可能指 Data Scientist 或 Data Science，單獨使用需小心
Data Scientist,data science scientist,en,
Data Scientist,資料科學家,zh,
Data Scientist,數據科學家,zh,
Decision Scientist,Decision Scientist,en,
Decision Scientist,decision scientist,en,
Decision Scientist,decision science analyst,en,
Decision Scientist,decision analyst,en,
Decision Scientist,決策科學家,zh,
Decision Scientist,決策分析師,zh,
Applied Scientist,Applied Scientist,en,
Applied Scientist,applied scientist,en,
Applied Scientist,applied science scientist,en,
Applied Scientist,應用科學家,zh,
Statistical Analyst,Statistical Analyst,en,
Statistical Analyst,statistical analyst,en,
Statistical Analyst,statistics analyst,en,
Statistical Analyst,stats analyst,en,
Statistical Analyst,統計分析師,zh,
Statistician,Statistician,en,
Statistician,statistician,en,
Statistician,statistician analyst,en,
Statistician,統計師,zh,
Machine Learning Analyst,Machine Learning Analyst,en,
Machine Learning Analyst,machine learning analyst,en,
Machine Learning Analyst,ml analyst,en,
Machine Learning Analyst,machine learning analytics analyst,en,
Machine Learning Analyst,機器學習分析師,zh,
Machine Learning Analyst,ML分析師,mixed,
Forecasting Analyst,Forecasting Analyst,en,
Forecasting Analyst,forecasting analyst,en,
Forecasting Analyst,forecast analyst,en,
Forecasting Analyst,demand forecasting analyst,en,
Forecasting Analyst,預測分析師,zh,
Forecasting Analyst,需求預測分析師,zh,
Predictive Analytics Analyst,Predictive Analytics Analyst,en,
Predictive Analytics Analyst,predictive analytics analyst,en,
Predictive Analytics Analyst,predictive analyst,en,
Predictive Analytics Analyst,predictive modeling analyst,en,
Predictive Analytics Analyst,預測分析分析師,zh,
Predictive Analytics Analyst,預測模型分析師,zh,
Quantitative Analyst,Quantitative Analyst,en,
Quantitative Analyst,quantitative analyst,en,
Quantitative Analyst,quant analyst,en,
Quantitative Analyst,quant,en,
Quantitative Analyst,量化分析師,zh,
Quantitative Analyst,Quant Analyst,en,
Quantitative Research Analyst,Quantitative Research Analyst,en,
Quantitative Research Analyst,quantitative research analyst,en,
Quantitative Research Analyst,quant research analyst,en,
Quantitative Research Analyst,quantitative researcher analyst,en,
Quantitative Research Analyst,量化研究分析師,zh,
Risk Modeling Analyst,Risk Modeling Analyst,en,
Risk Modeling Analyst,risk modeling analyst,en,
Risk Modeling Analyst,risk model analyst,en,
Risk Modeling Analyst,風險模型分析師,zh,
Data Engineer,Data Engineer,en,
Data Engineer,data engineer,en,
Data Engineer,de,en,
Data Engineer,data engineering engineer,en,
Data Engineer,資料工程師,zh,
Data Engineer,數據工程師,zh,
Data Pipeline Engineer,Data Pipeline Engineer,en,
Data Pipeline Engineer,data pipeline engineer,en,
Data Pipeline Engineer,pipeline engineer,en,
Data Pipeline Engineer,data pipelines engineer,en,
Data Pipeline Engineer,資料管線工程師,zh,
Data Pipeline Engineer,數據管線工程師,zh,
ETL Developer,ETL Developer,en,
ETL Developer,etl developer,en,
ETL Developer,etl engineer,en,
ETL Developer,etl specialist,en,
ETL Developer,ETL開發工程師,mixed,
ETL Developer,ETL工程師,mixed,
Analytics Engineer,Analytics Engineer,en,
Analytics Engineer,analytics engineer,en,
Analytics Engineer,ae analytics,en,
Analytics Engineer,analytics engineering,en,
Analytics Engineer,分析工程師,zh,
BI Engineer,BI Engineer,en,
BI Engineer,bi engineer,en,
BI Engineer,business intelligence engineer,en,
BI Engineer,b.i. engineer,en,
BI Engineer,BI工程師,mixed,
BI Engineer,商業智慧工程師,zh,
Data Warehouse Analyst,Data Warehouse Analyst,en,
Data Warehouse Analyst,data warehouse analyst,en,
Data Warehouse Analyst,dwh analyst,en,
Data Warehouse Analyst,data warehousing analyst,en,
Data Warehouse Analyst,資料倉儲分析師,zh,
Data Warehouse Analyst,數據倉儲分析師,zh,
Database Analyst,Database Analyst,en,
Database Analyst,database analyst,en,
Database Analyst,db analyst,en,
Database Analyst,database specialist,en,
Database Analyst,資料庫分析師,zh,
Data Platform Analyst,Data Platform Analyst,en,
Data Platform Analyst,data platform analyst,en,
Data Platform Analyst,platform data analyst,en,
Data Platform Analyst,data platform operations analyst,en,
Data Platform Analyst,資料平台分析師,zh,
Data Platform Analyst,數據平台分析師,zh,
Data Operations Analyst,Data Operations Analyst,en,
Data Operations Analyst,data operations analyst,en,
Data Operations Analyst,data ops analyst,en,
Data Operations Analyst,data operation analyst,en,
Data Operations Analyst,資料營運分析師,zh,
Data Operations Analyst,數據營運分析師,zh,
System Analyst,System Analyst,en,
System Analyst,system analyst,en,
System Analyst,systems analyst,en,
System Analyst,sa,en,SA 可能指 System Analyst、Solution Architect、Sales Associate，需上下文
System Analyst,系統分析師,zh,
System Analyst,SA,en,
Business Systems Analyst,Business Systems Analyst,en,
Business Systems Analyst,business systems analyst,en,
Business Systems Analyst,bsa,en,
Business Systems Analyst,business system analyst,en,
Business Systems Analyst,商業系統分析師,zh,
Business Systems Analyst,BSA,en,
IT Business Analyst,IT Business Analyst,en,
IT Business Analyst,it business analyst,en,
IT Business Analyst,it ba,en,
IT Business Analyst,technical business analyst,en,
IT Business Analyst,IT商業分析師,mixed,
Product Support Analyst,Product Support Analyst,en,
Product Support Analyst,product support analyst,en,
Product Support Analyst,technical support analyst,en,
Product Support Analyst,product support specialist,en,
Product Support Analyst,產品支援分析師,zh,
Product Support Analyst,技術支援分析師,zh,
ERP Analyst,ERP Analyst,en,
ERP Analyst,erp analyst,en,
ERP Analyst,erp consultant,en,
ERP Analyst,erp system analyst,en,
ERP Analyst,ERP分析師,mixed,
ERP Analyst,ERP顧問,mixed,
ERP Analyst,ERP系統分析師,mixed,
CRM Analyst,CRM Analyst,en,
CRM Analyst,crm analyst,en,
CRM Analyst,crm system analyst,en,
CRM Analyst,crm business analyst,en,
CRM Analyst,CRM分析師,mixed,
CRM Analyst,CRM系統分析師,mixed,
Implementation Consultant,Implementation Consultant,en,
Implementation Consultant,implementation consultant,en,
Implementation Consultant,implementation specialist,en,
Implementation Consultant,system implementation consultant,en,
Implementation Consultant,導入顧問,zh,
Implementation Consultant,系統導入顧問,zh,
Solutions Analyst,Solutions Analyst,en,
Solutions Analyst,solutions analyst,en,
Solutions Analyst,solution analyst,en,
Solutions Analyst,business solutions analyst,en,
Solutions Analyst,解決方案分析師,zh,
Solutions Analyst,方案分析師,zh,
Solutions Engineer,Solutions Engineer,en,
Solutions Engineer,solutions engineer,en,
Solutions Engineer,solution engineer,en,
Solutions Engineer,pre sales engineer,en,
Solutions Engineer,sales engineer solutions,en,
Solutions Engineer,解決方案工程師,zh,
Solutions Engineer,售前工程師,zh,
Solutions Consultant,Solutions Consultant,en,
Solutions Consultant,solutions consultant,en,
Solutions Consultant,solution consultant,en,
Solutions Consultant,pre sales consultant,en,
Solutions Consultant,解決方案顧問,zh,
Solutions Consultant,售前顧問,zh,
Sales Engineer,Sales Engineer,en,
Sales Engineer,sales engineer,en,
Sales Engineer,pre sales engineer,en,
Sales Engineer,technical sales engineer,en,
Sales Engineer,業務工程師,zh,
Sales Engineer,售前工程師,zh,
Software Engineer,Software Engineer,en,
Software Engineer,software engineer,en,
Software Engineer,swe,en,
Software Engineer,software developer,en,
Software Engineer,軟體工程師,zh,
Software Engineer,SWE,en,
Backend Engineer,Backend Engineer,en,
Backend Engineer,backend engineer,en,
Backend Engineer,back end engineer,en,
Backend Engineer,backend developer,en,
Backend Engineer,server side engineer,en,
Backend Engineer,後端工程師,zh,
Frontend Engineer,Frontend Engineer,en,
Frontend Engineer,frontend engineer,en,
Frontend Engineer,front end engineer,en,
Frontend Engineer,frontend developer,en,
Frontend Engineer,web frontend engineer,en,
Frontend Engineer,前端工程師,zh,
Full Stack Engineer,Full Stack Engineer,en,
Full Stack Engineer,full stack engineer,en,
Full Stack Engineer,fullstack engineer,en,
Full Stack Engineer,full stack developer,en,
Full Stack Engineer,full-stack engineer,en,
Full Stack Engineer,全端工程師,zh,
QA Analyst,QA Analyst,en,
QA Analyst,qa analyst,en,
QA Analyst,quality assurance analyst,en,
QA Analyst,test analyst,en,
QA Analyst,QA分析師,mixed,
QA Analyst,品保分析師,zh,
QA Analyst,測試分析師,zh,
QA Engineer,QA Engineer,en,
QA Engineer,qa engineer,en,
QA Engineer,quality assurance engineer,en,
QA Engineer,test engineer,en,
QA Engineer,QA工程師,mixed,
QA Engineer,測試工程師,zh,
QA Engineer,品保工程師,zh,
Technical Program Manager,Technical Program Manager,en,
Technical Program Manager,technical program manager,en,
Technical Program Manager,tpm,en,TPM 通常是 Technical Program Manager，也可能指 total productive maintenance
Technical Program Manager,technical project manager,en,
Technical Program Manager,技術專案經理,zh,
Technical Program Manager,TPM,en,
Developer Relations Associate,Developer Relations Associate,en,
Developer Relations Associate,developer relations associate,en,
Developer Relations Associate,devrel associate,en,
Developer Relations Associate,developer advocate associate,en,
Developer Relations Associate,開發者關係專員,zh,
Developer Relations Associate,Developer Relations,en,
Developer Relations Associate,DevRel專員,mixed,
Technical Support Engineer,Technical Support Engineer,en,
Technical Support Engineer,technical support engineer,en,
Technical Support Engineer,support engineer,en,
Technical Support Engineer,customer support engineer,en,
Technical Support Engineer,技術支援工程師,zh,
Technical Support Engineer,客服工程師,zh,
HR Specialist,HR Specialist,en,
HR Specialist,hr specialist,en,
HR Specialist,human resources specialist,en,
HR Specialist,hr generalist,en,
HR Specialist,人資專員,zh,
HR Specialist,HR專員,mixed,
HR Specialist,Human Resources Specialist,en,
HR Analyst,HR Analyst,en,
HR Analyst,hr analyst,en,
HR Analyst,human resources analyst,en,
HR Analyst,people analyst,en,
HR Analyst,人資分析師,zh,
HR Analyst,HR分析師,mixed,
HR Analyst,Human Resources Analyst,en,
HR Business Partner,HR Business Partner,en,
HR Business Partner,hr business partner,en,
HR Business Partner,hrbp,en,
HR Business Partner,human resources business partner,en,
HR Business Partner,人資夥伴,zh,
HR Business Partner,HRBP,en,
People Operations Analyst,People Operations Analyst,en,
People Operations Analyst,people operations analyst,en,
People Operations Analyst,people ops analyst,en,
People Operations Analyst,hr operations analyst,en,
People Operations Analyst,People Ops分析師,mixed,
People Operations Analyst,人員營運分析師,zh,
People Operations Analyst,人資營運分析師,zh,
People Analyst,People Analyst,en,
People Analyst,people analyst,en,
People Analyst,people analytics analyst,en,
People Analyst,hr data analyst,en,
People Analyst,人員分析師,zh,
People Analyst,人資數據分析師,zh,
Talent Acquisition Specialist,Talent Acquisition Specialist,en,
Talent Acquisition Specialist,talent acquisition specialist,en,
Talent Acquisition Specialist,ta specialist,en,
Talent Acquisition Specialist,recruiting specialist,en,
Talent Acquisition Specialist,招募專員,zh,
Talent Acquisition Specialist,人才招募專員,zh,
Recruiter,Recruiter,en,
Recruiter,recruiter,en,
Recruiter,recruiting consultant,en,
Recruiter,talent recruiter,en,
Recruiter,招募顧問,zh,
Recruiter,招募專員,zh,
Headhunter,Headhunter,en,
Headhunter,headhunter,en,
Headhunter,executive recruiter,en,
Headhunter,search consultant,en,
Headhunter,獵頭,zh,
Headhunter,獵才顧問,zh,
Executive Search Associate,Executive Search Associate,en,
Executive Search Associate,executive search associate,en,
Executive Search Associate,executive search consultant,en,
Executive Search Associate,search associate,en,
Executive Search Associate,高階獵才顧問,zh,
Executive Search Associate,獵才專員,zh,
Recruitment Consultant,Recruitment Consultant,en,
Recruitment Consultant,recruitment consultant,en,
Recruitment Consultant,recruiting consultant,en,
Recruitment Consultant,talent acquisition consultant,en,
Recruitment Consultant,招募顧問,zh,
Recruitment Consultant,獵才顧問,zh,
Compensation & Benefits Analyst,Compensation & Benefits Analyst,en,
Compensation & Benefits Analyst,compensation & benefits analyst,en,
Compensation & Benefits Analyst,compensation and benefits analyst,en,
Compensation & Benefits Analyst,c&b analyst,en,
Compensation & Benefits Analyst,compensation analyst,en,
Compensation & Benefits Analyst,薪酬福利分析師,zh,
Compensation & Benefits Analyst,C&B分析師,mixed,
Compensation & Benefits Analyst,薪資福利分析師,zh,
Learning & Development Specialist,Learning & Development Specialist,en,
Learning & Development Specialist,learning & development specialist,en,
Learning & Development Specialist,learning and development specialist,en,
Learning & Development Specialist,l&d specialist,en,
Learning & Development Specialist,training and development specialist,en,
Learning & Development Specialist,學習發展專員,zh,
Learning & Development Specialist,訓練發展專員,zh,
Learning & Development Specialist,L&D專員,mixed,
Organizational Development Analyst,Organizational Development Analyst,en,
Organizational Development Analyst,organizational development analyst,en,
Organizational Development Analyst,od analyst,en,
Organizational Development Analyst,organization development analyst,en,
Organizational Development Analyst,組織發展分析師,zh,
Organizational Development Analyst,OD分析師,mixed,
Management Trainee,Management Trainee,en,
Management Trainee,management trainee,en,
Management Trainee,mt,en,MT 通常是 Management Trainee，但也可能是 machine translation
Management Trainee,management associate,en,
Management Trainee,graduate trainee,en,
Management Trainee,儲備幹部,zh,
Management Trainee,管理培訓生,zh,
Management Trainee,MT,en,
Graduate Trainee,Graduate Trainee,en,
Graduate Trainee,graduate trainee,en,
Graduate Trainee,graduate program trainee,en,
Graduate Trainee,graduate analyst,en,
Graduate Trainee,畢業生培訓計畫,zh,
Graduate Trainee,儲備人才,zh,
Leadership Development Program Analyst,Leadership Development Program Analyst,en,
Leadership Development Program Analyst,leadership development program analyst,en,
Leadership Development Program Analyst,ldp analyst,en,
Leadership Development Program Analyst,leadership program analyst,en,
Leadership Development Program Analyst,領導力發展計畫分析師,zh,
Leadership Development Program Analyst,LDP Analyst,en,
Leadership Development Program Analyst,儲備主管計畫,zh,
Rotational Program Associate,Rotational Program Associate,en,
Rotational Program Associate,rotational program associate,en,
Rotational Program Associate,rotational associate,en,
Rotational Program Associate,rotation program associate,en,
Rotational Program Associate,輪調計畫專員,zh,
Rotational Program Associate,儲備輪調專員,zh,
General Management Associate,General Management Associate,en,
General Management Associate,general management associate,en,
General Management Associate,general management trainee,en,
General Management Associate,綜合管理專員,zh,
General Management Associate,經營管理專員,zh,
Business Management Associate,Business Management Associate,en,
Business Management Associate,business management associate,en,
Business Management Associate,business management analyst,en,
Business Management Associate,商業管理專員,zh,
Assistant Manager,Assistant Manager,en,
Assistant Manager,assistant manager,en,
Assistant Manager,assistant mgr,en,
Assistant Manager,asst manager,en,
Assistant Manager,副理,zh,
Assistant Manager,助理經理,zh,
Founder,Founder,en,
Founder,founder,en,
Founder,co founder,en,
Founder,co-founder,en,
Founder,founder ceo,en,
Founder,創辦人,zh,
Founder,共同創辦人,zh,
Founder,Co-founder,en,
Entrepreneur in Residence,Entrepreneur in Residence,en,
Entrepreneur in Residence,entrepreneur in residence,en,
Entrepreneur in Residence,eir,en,
Entrepreneur in Residence,entrepreneur-in-residence,en,
Entrepreneur in Residence,駐站創業家,zh,
Entrepreneur in Residence,EIR,en,
Venture Builder,Venture Builder,en,
Venture Builder,venture builder,en,
Venture Builder,venture building associate,en,
Venture Builder,startup builder,en,
Venture Builder,創業建構者,zh,
Venture Builder,新創孵化專員,zh,
Startup Operations Associate,Startup Operations Associate,en,
Startup Operations Associate,startup operations associate,en,
Startup Operations Associate,startup ops associate,en,
Startup Operations Associate,new venture operations associate,en,
Startup Operations Associate,新創營運專員,zh,
Startup Operations Associate,新創運營專員,zh,
Strategy Associate,Strategy Associate,en,
Strategy Associate,strategy associate,en,
Strategy Associate,strategic associate,en,
Strategy Associate,策略專員,zh,
Investment Associate,Investment Associate,en,
Investment Associate,investment associate,en,
Investment Associate,investment manager,en,
Investment Associate,投資專員,zh,
Investment Associate,投資經理,zh,
Startup Investment Analyst,Startup Investment Analyst,en,
Startup Investment Analyst,startup investment analyst,en,
Startup Investment Analyst,venture investment analyst,en,
Startup Investment Analyst,startup analyst,en,
Startup Investment Analyst,新創投資分析師,zh,
Startup Investment Analyst,創投投資分析師,zh,
